Student,Paper ID
aagarwa7,1
adkalant,2
agarg7,3
akagrawa,4
anish,1
apkulkar,2
aravish2,3
asaxena2,4
askatti,1
bguntam,2
bkakran,3
bvdhotre,4
cmoon2,1
csarami,2
dbhat2,3
fameeta,4
gbaruwa,1
glsetlif,2
gthuruv,3
hmarfat,4
hsure,1
jjellio3,2
jrmersch,3
jrwills2,4
kbansal,1
kjshah,2
knjhaver,3
kspatel6,4
matakagi,1
mrajjay,2
mschheda,3
mxu5,4
nbkhande,1
nchakra2,2
ndgandh2,3
njain5,4
njclimer,1
nkatre,2
nkgupta2,3
npari,4
pgupta6,1
pjones,2
pkadam,3
pmahaja,4
psamoue,1
pupadhy2,2
rgopalk,3
rmchung,4
rpageda,1
samirajk,2
sarora3,3
sdavang,4
sfernan2,1
shariha,2
shsu3,3
skalmad,4
skollu,1
skypa,2
spadhye,3
srao5,4
ssarkar4,1
sskolenc,2
ssmetkar,3
ssuryan3,4
vanbara,1
vdahiya,2
vkara,3
vseth,4
yhkim3,1